total_avax,total_usd
1186.0700000000002,20554.593100000002
